time,geo,suicide_per_100000_people,suicide_men_per_100000_people,suicide_women_per_100000_people,aged_15plus_unemployment_rate_percent,aged_15_24_unemployment_rate_percent,males_aged_15plus_unemployment_rate_percent,long_term_unemployment_rate_percent,gdppercapita_us_inflation_adjusted,gdp_per_capita_yearly_growth,inflation_annual_percent,inequality_index_gini,income_share_of_richest_10percent,working_hours_per_week,aged_15plus_labour_force_participation_rate_percent,alcohol_consumption_per_adult_15plus_litres,smoking_adults_percent_of_population_over_age_15,body_mass_index_bmi_men_kgperm2,poisonings_deaths_per_100000_people,life_expectancy_at_birth_data_from_ihme,total_health_spending_percent_of_gdp,total_health_spending_per_person_international_dollar,government_share_of_total_health_spending_percent,out_of_pocket_share_of_total_health_spending_percent,medical_doctors_per_1000_people,urban_population_percent_of_total,population_density_per_square_km,median_age_years,age_at_1st_marriage_women,teen_fertility_rate_births_per_1000_women_ages_15_19,murder_per_100000_people,hdi_human_development_index,democracy_score_use_as_color
2000,aus,12.82553,20.09276,5.66377,6.288,12.094,6.459,1.2432,45979.07657,0.891,2.55398,,,35.5,63.282,,24.5,26.8,0.23,79.7,7.58869,2253.0,71.83633,20.99714,2.476,85.10716,2.49,34.369,,17.7,1.68,0.897,10.0
2001,aus,13.03573,20.41777,5.76327,6.747,13.482,6.982,1.32854,46314.62353,2.742,4.64107,33.5,25.1,35.1,63.444,,,26.9,0.15,80.1,7.67392,2374.0,71.10848,20.4391,2.551,85.14811,2.521,34.638,,17.7,1.63,0.9,10.0
2002,aus,12.15223,18.79788,5.60383,6.375,12.802,6.536,1.28263,47599.40793,2.145,2.84031,,,34.9,63.508,,,27.0,0.18,80.4,7.87221,2543.0,71.93769,19.92001,2.546,85.28421,2.551,34.878,,17.4,1.54,0.902,10.0
2003,aus,11.07803,17.20204,5.04173,5.933,11.967,5.891,1.19162,48509.66322,3.084,2.98766,33.5,25.1,34.6,63.715,,,27.0,0.25,80.7,7.8766,2658.0,71.34126,19.14759,2.615,85.40971,2.58,35.092,,16.3,1.34,0.906,10.0
2004,aus,10.78504,16.83861,4.81602,5.399,11.374,5.283,1.07295,50018.59045,1.468,3.23098,33.1,25.3,34.74,63.577,,,27.1,0.22,81.0,8.08258,2861.0,71.6871,19.2187,2.692,85.51877,2.609,35.298,,16.3,1.09,0.91,10.0
2005,aus,11.66995,18.113,5.3138,5.036,10.623,4.882,1.01638,50972.64052,2.179,3.82504,,,34.67,64.509,10.02,21.2,27.2,0.18,81.2,7.96486,2958.0,71.83749,19.64301,2.764,85.61909,2.642,35.488,28.93,15.6,1.16,0.914,10.0
2006,aus,11.21219,17.04505,5.45361,4.785,10.032,4.669,0.95013,51682.89252,1.238,5.11166,,,34.57,64.85,,,27.3,0.16,81.4,7.97161,3138.0,71.66631,19.74942,2.825,85.74925,2.68,35.646,,14.9,1.39,0.917,10.0
2007,aus,11.49788,17.30499,5.7573,4.381,9.366,4.042,0.88551,52671.32585,2.99,4.98461,,,34.58,65.275,,20.0,27.3,0.18,81.5,8.05171,3314.0,72.9062,19.00256,2.99,85.89685,2.728,35.762,,15.4,1.4,0.919,10.0
2008,aus,12.1038,18.83166,5.44203,4.242,8.817,3.959,0.87528,53497.27536,0.7238,4.56771,35.4,27.4,34.5,65.564,10.21,,27.4,0.19,81.5,8.24737,3409.0,72.32992,19.04163,3.0,86.02538,2.782,35.838,,16.8,1.48,0.924,10.0
2009,aus,11.64501,17.56635,5.77505,5.565,11.462,5.694,1.13836,53430.52748,-0.1604,4.99159,,,33.88,65.502,,,27.4,0.17,81.6,8.54235,3484.0,73.01054,19.05284,3.104,86.12781,2.835,35.914,,16.4,1.54,0.927,10.0
2010,aus,12.13409,18.45626,5.86617,5.214,11.552,5.075,1.06893,53768.34973,1.441,1.16519,34.7,26.5,34.09,65.48,,18.4,27.5,0.17,81.7,8.41878,3441.0,72.35728,19.74929,3.345,86.21986,2.882,36.043,,15.5,1.42,0.929,10.0
2011,aus,11.56907,17.25991,5.92928,5.083,11.379,4.895,1.0648,54296.23213,1.058,6.1989,,,34.02,65.514,,,27.5,0.16,81.8,8.5336,,73.2603,19.17248,3.296,86.32689,2.926,36.179,,,1.33,0.933,10.0
2012,aus,12.15989,17.9231,6.45059,5.225,11.73,5.138,1.10737,55465.44629,1.78,1.79729,,,33.96,65.245,,,27.6,0.14,81.8,8.66923,,71.23466,19.93434,3.293,86.44513,2.975,36.234,,,1.32,0.938,10.0
2013,aus,11.92302,17.67666,6.22819,5.663,12.222,5.707,1.16432,55966.15093,1.166,-0.13127,,,33.87,65.025,,,27.6,0.11,81.8,8.74458,,67.72799,19.52692,3.356,86.57405,3.025,36.242,,,1.25,0.935,10.0
2014,aus,13.093,19.62354,6.63939,6.078,13.31,5.996,1.26267,56571.80625,1.406,1.41703,34.4,27.0,33.66,64.787,,,27.7,0.1,,9.8249,,70.11462,17.84736,3.432,86.72213,3.071,36.252,,,1.22,0.937,10.0
2015,aus,13.64481,20.40358,6.97744,6.055,13.111,6.039,1.27216,56970.3613,1.485,-0.62741,,,33.58,65.076,,15.9,27.7,0.11,,10.17368,,71.02828,17.20188,3.486,86.87786,3.117,36.254,,,1.21,0.938,10.0
2016,aus,12.5032,18.53415,6.56176,5.711,12.64,5.65,1.17337,57632.99959,1.728,-0.67342,33.7,25.8,33.34,64.952,,,27.8,0.09,,10.08973,,71.10355,16.94657,3.557,87.01663,3.167,36.247,,,1.09,0.939,10.0
2017,aus,13.89943,20.54893,7.35084,5.592,12.59,5.525,1.1644,57991.77135,1.699,3.64623,,,33.34,65.248,,,,0.09,,10.11242,,71.25541,16.60432,3.656,87.12809,3.219,36.268,,,0.98,0.94,10.0
2018,aus,13.40378,20.2099,6.69909,5.345,11.938,5.299,1.1336,58772.70632,1.708,1.84618,34.3,26.6,33.23,65.715,,,,0.09,,10.05163,,71.49373,16.22962,3.726,87.22677,3.27,36.352,,,1.04,0.945,10.0
2019,aus,13.98477,21.00437,7.06955,5.143,11.449,5.183,1.09555,59181.29979,1.769,3.4766,,,33.03,66.012,,,,0.11,,10.21285,,73.78526,14.70659,3.808,87.30196,3.317,36.543,,,1.07,0.947,
2020,aus,13.03076,19.62753,6.53383,6.394,14.15,6.439,1.28244,58377.76705,,1.86583,33.8,25.9,32.29,65.104,,13.7,,0.11,,10.6604,,73.68559,14.88614,3.895,87.27135,3.351,36.895,,,1.01,0.95,
2021,aus,13.0757,19.51796,6.73083,5.022,11.156,5.163,1.1661,59465.53567,,3.06067,,,,65.965,,13.4,,0.1,,10.42525,,76.04152,13.83727,3.976,87.23534,3.379,37.259,,,0.92,0.954,
