Year,Male suicide rate (age-standardized),Female suicide rate (age-standardized),Male:female suicide ratio
1990,20.67,5.24,3.94
1991,20.3,5.3,3.83
1992,20.29,5.27,3.85
1993,19.9,4.95,4.02
1994,20.63,5.07,4.07
1995,20.81,5.12,4.06
1996,21.27,5.23,4.06
1997,21.64,5.42,3.99
1998,21.9,5.36,4.09
1999,21.22,5.16,4.11
2000,20.07,5.12,3.92
2001,18.99,4.89,3.88
2002,18.13,4.87,3.72
2003,17.47,4.76,3.67
2004,16.89,4.69,3.6
2005,16.53,4.56,3.63
2006,16.07,4.69,3.43
2007,16.43,4.89,3.36
2008,16.76,4.87,3.44
2009,16.65,5.06,3.29
2010,16.68,5.06,3.29
2011,16.32,5.18,3.15
2012,16.11,5.09,3.16
2013,16.15,5.12,3.15
2014,16.88,5.26,3.21
2015,17.5,5.28,3.31
2016,17.35,5.04,3.44
2017,17.35,4.97,3.49
