geo,suicide_per_100000_people,suicide_men_per_100000_people,suicide_women_per_100000_people,aged_15plus_unemployment_rate_percent,aged_15_24_unemployment_rate_percent,males_aged_15plus_unemployment_rate_percent,long_term_unemployment_rate_percent,gdppercapita_us_inflation_adjusted,gdp_per_capita_yearly_growth,inflation_annual_percent,inequality_index_gini,income_share_of_richest_10percent,working_hours_per_week,aged_15plus_labour_force_participation_rate_percent,alcohol_consumption_per_adult_15plus_litres,smoking_adults_percent_of_population_over_age_15,body_mass_index_bmi_men_kgperm2,poisonings_deaths_per_100000_people,life_expectancy_at_birth_data_from_ihme,total_health_spending_percent_of_gdp,total_health_spending_per_person_international_dollar,government_share_of_total_health_spending_percent,out_of_pocket_share_of_total_health_spending_percent,medical_doctors_per_1000_people,urban_population_percent_of_total,population_density_per_square_km,median_age_years,age_at_1st_marriage_women,teen_fertility_rate_births_per_1000_women_ages_15_19,murder_per_100000_people,hdi_human_development_index,democracy_score_use_as_color,name,income
afg,3.513832,4.745004,2.256054,11.184,17.574,10.37,,560.639664,2.79,2.249304,,,37.96,46.2196,0.025,26.6,22.3,2.242,54.43333333333333,12.716899999999999,40.068333333333335,4.5170200000000005,76.576118,0.2672,24.820382000000002,55.0812,15.864799999999999,17.84,119.11666666666667,7.895999999999999,0.4984,-1.0,Afghanistan,low_income
ago,6.83652,10.78409,2.9810499999999998,16.497,31.198,16.446,4.76063,3341.085146,2.50002,17.337642,51.3,39.6,41.56,75.6064,5.485,,22.1,1.916,58.58888888888888,2.636558,160.455,45.143644,34.418124,0.2115,65.08739,24.2638,16.287399999999998,,169.48333333333332,4.782,0.6088,-2.0,Angola,lower_middle_income
alb,3.935674,4.994876,2.897688,13.9994,32.6608,14.409,5.253392,4649.117304,4.763800000000001,1.0172599999999998,31.96,24.14,40.454,58.09400000000001,6.984999999999999,25.4,26.95,0.28600000000000003,75.07777777777778,6.660506000000001,512.9833333333332,42.534366,56.773152,1.4285,55.970597999999995,105.65720000000002,33.9566,23.33,12.316666666666665,3.906,0.7996000000000001,9.0,Albania,upper_middle_income
are,2.461216,3.4683,0.61234,2.16725,7.0595,1.268,1.0957966666666668,44043.619636,1.0928,-1.9695920000000005,26.4,20.5,53.51666666666667,78.7596,0.53,11.2,28.200000000000003,0.21800000000000003,75.98888888888888,3.974378,1206.4333333333334,61.018242,14.025118,2.5271999999999997,84.682906,128.5892,30.8226,23.09,25.861666666666665,0.756,0.8836,-8.0,UAE,high_income
arg,8.96267,14.559132,3.461674,9.136666666666667,24.075666666666667,8.298,1.28692,13246.070378,0.5644600000000001,36.987,42.175,30.525,38.712500000000006,59.3888,9.675,26.6,27.75,0.506,75.66666666666667,10.152732,1158.1333333333334,63.147464,24.660084,5.103,91.67607000000001,15.853200000000001,30.2848,23.26,65.85000000000001,5.61,0.8597999999999999,9.0,Argentina,upper_middle_income
arm,4.069488,6.930446000000001,1.6256499999999998,14.793000000000001,31.8444,13.7904,4.919420000000001,3846.5891220000003,4.6304,1.4972920000000003,32.58,26.96,38.3625,62.2144,12.504999999999999,27.2,25.55,0.32599999999999996,72.80000000000001,10.363502,221.51666666666665,14.071472,83.13911,2.9256,64.730662,102.367,33.538,22.99,27.3,2.7199999999999998,0.786,5.5,Armenia,upper_middle_income
atg,0.209856,0.0,0.39956,8.78,25.814,7.556,,17254.776118,2.14,0.9599540000000001,,,40.57,,7.695,,25.65,0.20400000000000001,74.88888888888889,4.907034,865.9166666666666,58.062762,25.108843999999998,2.917,24.852098,205.516,32.945,,,3.7979999999999996,0.8454,,Antigua and Barbuda,high_income
aus,13.487198000000001,20.140186,6.931735999999999,5.5692,12.345600000000001,5.5392,1.167816,58109.827670000006,1.6778,1.533636,34.0,26.200000000000003,33.304,65.4006,10.115,15.9,27.75,0.098,81.58888888888889,10.128062,3290.6666666666665,71.733246,16.337796,3.6466000000000003,87.110262,3.218,36.3328,28.93,15.766666666666666,1.078,0.9418,10.0,Australia,high_income
aut,15.497050000000002,24.206476000000002,7.083114,5.3839999999999995,10.1408,5.6836,1.277706,45167.336212,1.1136199999999998,1.6733740000000001,30.4,23.54,35.138,60.6804,12.82,31.5,26.8,0.186,80.36666666666666,10.388031999999999,3980.5,73.59562000000001,18.765554,5.1988,67.921366,106.4076,42.1652,28.94,11.225999999999999,0.6679999999999999,0.923,10.0,Austria,high_income
aze,1.883128,2.900246,0.91851,4.9719999999999995,12.676666666666668,4.156000000000001,2.1456139999999997,5322.271398,3.0804,6.80154,26.6,24.2,36.852,64.7688,11.969999999999999,22.0,26.05,0.8219999999999998,70.96666666666667,4.17124,435.06666666666666,25.961261999999998,71.146886,3.2342,56.532538,120.35139999999998,30.118600000000004,23.89,33.32833333333333,2.5140000000000002,0.7744,-7.0,Azerbaijan,upper_middle_income
bdi,6.932816,10.214648,3.700486,2.130333333333333,3.45,2.7623333333333338,,262.42202,2.6846,4.871402,36.0,29.5,40.27,79.91159999999999,9.56,14.3,21.6,3.904,57.58888888888888,7.329707999999999,47.995000000000005,30.48759,27.581164,0.078,16.675986,446.30879999999996,15.165000000000001,22.46,20.12666666666667,1.656,0.4342,-1.0,Burundi,low_income
bel,18.583058,26.200158,11.191464,6.9414,18.299200000000003,7.256600000000001,1.9581899999999997,41780.157250000004,0.7556,1.714362,27.419999999999998,22.16,36.64,53.486799999999995,10.59,28.0,27.0,0.21000000000000002,79.66666666666667,10.802420000000001,3606.5,76.33846,18.818707999999997,3.3144,86.665948,375.87600000000003,40.581,30.34,10.37,1.076,0.9391999999999999,8.0,Belgium,high_income
ben,7.280144,11.405618,3.151372,1.214,2.316,1.086,,1045.4080840000001,2.4256,0.288018,42.75,33.8,40.955,74.311,2.115,8.6,22.4,1.472,63.42222222222222,2.717446,66.05166666666666,16.709120000000002,49.503339999999994,0.05933333333333333,47.310462,106.7904,17.1826,20.33,109.35000000000001,8.758,0.5084,7.0,Benin,low_income
bfa,8.704296,13.302012,4.153886,3.1275000000000004,5.3235,3.1180000000000003,0.48461,671.8671899999999,4.5606,0.676704,43.0,35.3,46.32,58.818200000000004,7.15,17.6,22.2,1.846,59.77777777777778,5.502802,79.28166666666667,39.216318,33.922976,0.076,25.924376000000002,72.6656,16.2118,19.4,123.88333333333333,10.964,0.4372,6.0,Burkina Faso,low_income
bgd,3.03463,3.854088,2.240972,4.361,12.0665,3.2024999999999997,0.56423,1384.88591,5.756,9.64696,32.4,26.8,47.965,57.863800000000005,0.17,38.9,21.3,1.984,68.57777777777778,2.32052,17.74,19.79727,71.398416,0.5406,30.191377999999997,1245.782,23.967000000000002,18.67,79.48833333333333,2.458,0.6376000000000001,-0.75,Bangladesh,lower_middle_income
bgr,9.752925999999999,15.415305999999998,4.407942,6.4482,14.6558,6.8756,2.3617920000000003,7914.874806,3.4173999999999998,4.12047,40.239999999999995,31.2,40.0,54.9576,11.92,41.4,27.45,0.302,73.44444444444444,7.354786,873.1333333333333,56.551438,41.016494,4.157,73.396992,65.2808,43.0438,24.16,41.815,1.512,0.8294,9.0,Bulgaria,upper_middle_income
bhr,5.687711999999999,8.098782,1.6572980000000002,3.2716666666666665,5.165,0.45499999999999996,,23997.933772,1.3788,0.11878400000000004,,,,71.86999999999999,3.9250000000000003,16.8,25.05,0.202,77.4,4.48737,1010.5833333333334,60.074784,29.172046,0.7866,100.0,1855.5669999999998,30.492399999999996,25.9,14.97,1.504,0.8785999999999999,-10.0,Bahrain,high_income
bhs,3.554922,6.532411999999999,0.790802,10.767199999999999,19.451,9.8416,3.70558,30900.237471999997,1.4404,2.6269579999999997,,,37.65,72.5548,8.705,11.4,27.15,0.134,72.3111111111111,5.920484,2071.6666666666665,49.943804,27.427411999999997,1.895,82.06135400000001,72.8362,32.5788,27.19,32.30833333333333,32.854,0.8074,,Bahamas,high_income
bih,10.594068,16.964086,4.822216,21.544400000000003,47.0114,19.607,5.758142,5116.431729999999,4.0098,1.954128,32.9,24.9,41.562,49.8212,9.615,38.8,26.55,1.542,76.36666666666666,8.976942,801.9833333333332,69.766012,29.040005999999998,2.2914000000000003,48.50497,67.0068,42.2464,,16.00166666666667,1.186,0.7796000000000001,,Bosnia and Herzegovina,upper_middle_income
blr,19.588572,34.757942,6.364248,4.284000000000001,10.223749999999999,5.388800000000001,1.047564,6035.360503999999,3.2055999999999996,10.740756000000001,25.36,21.3,38.672000000000004,64.3412,16.990000000000002,33.4,26.65,1.7719999999999998,69.85555555555555,5.82478,706.1,68.35574199999999,28.222057999999997,4.417199999999999,77.032286,46.7178,38.8604,22.78,20.918333333333333,3.7739999999999996,0.8262,-7.0,Belarus,upper_middle_income
blz,5.602448,9.689536,1.45235,7.9146,17.7284,5.1896,2.132206666666667,5901.24231,0.74352,0.9978879999999999,39.9,30.0,44.112,65.76480000000001,5.995,10.0,27.45,0.45,70.36666666666666,4.7393160000000005,341.23333333333335,68.969472,23.051247999999998,1.1085,43.42029,16.3112,23.5182,26.18,78.37666666666667,24.41,0.7236,,Belize,upper_middle_income
bol,5.4932479999999995,6.960896,4.004222,3.493,6.887600000000001,3.1848,0.40349,3129.13427,3.042,5.237945999999999,44.14,32.12,40.44,69.8972,5.45,16.4,25.05,1.01,71.03333333333333,6.673218,215.96666666666667,68.566514,25.305092,1.2243333333333333,69.074226,10.4714,23.2742,22.6,78.125,6.154,0.7165999999999999,7.0,Bolivia,lower_middle_income
bra,6.5259540000000005,10.151462,2.994828,11.434999999999999,25.8174,9.8482,3.46727,8727.213054,2.3474,5.61179,53.2,41.839999999999996,38.656,64.4956,9.620000000000001,14.9,26.25,0.074,74.13333333333334,9.325762000000001,850.1333333333333,41.97708,24.6602,2.2744999999999997,86.192486,24.483,31.365199999999998,23.1,76.71,28.726,0.7698,8.0,Brazil,upper_middle_income
brb,4.268136,7.554544,1.2452239999999999,8.6802,26.6184,8.9182,0.11126666666666667,20575.207168,1.5384799999999998,1.910096,34.1,25.8,,65.652,6.665,7.6,26.45,0.10800000000000001,75.32222222222222,6.571827999999999,1340.5,45.646263999999995,45.522694,2.541,59.261932,651.4774,37.4416,31.77,42.19166666666667,12.254,0.8042,,Barbados,high_income
brn,2.2198260000000003,3.691344,0.5543319999999999,8.205333333333334,26.376,7.4190000000000005,2.8978033333333335,29767.727682000004,2.6342,-3.1890159999999996,,,47.00666666666666,65.504,1.935,16.4,27.299999999999997,0.194,78.07777777777778,2.369248,1309.5,94.85373,5.1462699999999995,1.697,74.857458,75.0404,29.2084,25.15,24.718333333333334,0.8859999999999999,0.8371999999999999,,Brunei,high_income
btn,5.14848,6.426483999999999,3.6600480000000006,2.84,12.770666666666665,2.2520000000000002,0.8147166666666666,3221.430726,8.5558,3.173438,37.4,27.9,51.465,63.57000000000001,0.545,21.9,23.35,0.384,67.96666666666667,3.278994,225.91666666666666,75.16808,16.837014,0.3612,37.875656000000006,19.6248,25.9428,20.09,49.916666666666664,1.152,0.6574,5.5,Bhutan,lower_middle_income
bwa,10.327668,15.297695999999998,5.400466,20.094,35.507,18.348,5.97972,6618.0386100000005,2.8352,2.7099819999999997,54.9,42.9,44.88,62.801,7.465,22.1,22.2,1.102,61.91111111111112,6.132631999999999,1041.8833333333334,69.9909,3.89605,0.38933333333333336,65.90720400000001,4.0006,21.8494,27.11,51.375,10.809999999999999,0.7036,8.0,Botswana,upper_middle_income
caf,10.354884,17.172096,3.823084,,,,,385.47697800000003,3.6090000000000004,2.6471600000000004,56.2,46.2,,73.702,3.26,,21.7,1.81,50.81111111111111,7.18009,28.99,9.56318,52.52663,0.0695,40.848192,7.691800000000001,14.368199999999998,,106.60000000000001,20.494,0.3558,4.5,Central African Republic,low_income
can,12.395923999999999,18.414662,6.466056,6.3872,11.613,6.8576,0.608604,44298.512114,1.2296,1.1235060000000001,32.8,25.0,33.662,65.7346,9.985,15.8,27.6,0.27,80.92222222222222,10.953156,3947.6666666666665,69.92744,15.424946,2.4577,81.447432,4.0514,39.7378,26.76,13.516666666666666,1.432,0.9344000000000001,10.0,Canada,high_income
che,14.418270000000001,19.759682,9.17217,4.724600000000001,8.2836,4.5192,1.4846920000000001,85453.079754,1.3528,-0.311166,33.019999999999996,25.78,36.052,68.46340000000001,11.235,26.4,27.1,0.022,82.05555555555556,11.254322,4686.166666666667,33.615836,21.761056,4.286,78.052262,211.07379999999998,41.404399999999995,29.12,4.5281666666666665,0.522,0.9606,10.0,Switzerland,high_income
chl,9.993976,16.366066,3.6880179999999996,7.1808000000000005,17.267599999999998,6.6842,0.9201840000000001,13561.192856,3.5488,3.7002420000000003,45.3,36.849999999999994,40.544,62.6904,8.68,33.6,27.85,0.22000000000000003,78.8111111111111,8.889835999999999,1027.8666666666666,50.114751999999996,33.52079,2.41,87.797082,24.6934,33.844,23.37,58.13166666666667,3.522,0.8618,10.0,Chile,high_income
chn,8.680636,10.069094,7.227642,4.66,,,,9246.27144,6.3048,2.108826,38.58,29.5,46.1,68.344,5.734999999999999,24.4,24.200000000000003,1.4140000000000001,75.41111111111111,5.100388000000001,276.2,57.47025,35.605276,2.013,60.124018,146.9804,36.3202,23.31,8.5405,0.604,0.7656000000000001,-7.0,China,upper_middle_income
civ,7.8042739999999995,12.815389999999999,2.538014,2.5229999999999997,3.878,2.1220000000000003,0.5773033333333334,1956.646734,3.936,1.2439,39.35,30.45,44.23333333333333,65.9958,6.475,11.4,23.2,1.544,56.41111111111111,3.213734,91.57166666666666,27.733026000000002,39.672554000000005,0.25,50.404108,84.04159999999999,17.835,22.0,125.2,11.120000000000001,0.537,4.0,Cote d'Ivoire,lower_middle_income
cmr,8.271994,12.949387999999999,3.623816,8.02225,14.24375,7.5962499999999995,1.17389,1445.372558,2.6988,1.0127,44.7,34.0,,69.3,7.735,8.5,23.3,1.738,57.0,3.842554,107.09166666666665,8.497336,74.026606,0.131,53.303976,51.7792,17.2832,20.15,126.08333333333333,6.061999999999999,0.5798,-5.0,Cameroon,lower_middle_income
cod,8.43651,12.993114,3.953694,3.7165,6.810499999999999,4.4805,,487.39582,4.0368,13.888754,42.1,32.0,35.445,66.0134,3.3449999999999998,14.3,21.0,1.984,55.855555555555554,3.739604,22.593333333333334,14.029858,38.990192,0.162,42.110952000000005,38.382,15.8554,,198.15,6.897999999999999,0.4906,-1.0,"Congo, Dem. Rep.",low_income
cog,6.70585,9.960514,3.450994,16.552,28.329500000000003,17.014666666666667,5.03609,2082.45661,4.1943,2.5052539999999994,48.099999999999994,37.349999999999994,48.6,68.1938,,13.8,22.05,1.17,59.25555555555555,2.303846,95.26333333333334,41.246868,42.947312,0.1005,63.340534000000005,15.6784,18.113799999999998,,118.63333333333333,5.178,0.6384000000000001,-4.0,"Congo, Rep.",lower_middle_income
col,4.63991,7.376028,1.9658099999999998,9.244,18.835,7.298599999999999,1.1993500000000001,6333.554614,3.2814,4.27292,51.739999999999995,40.1,43.598,65.80199999999999,6.38,9.9,25.700000000000003,0.154,75.07777777777778,7.627632,627.4166666666666,70.73846,15.248936,2.1664000000000003,77.266362,42.9782,29.346600000000002,23.0,75.21,26.427999999999997,0.773,7.0,Colombia,upper_middle_income
com,6.29374,7.966994,4.603476000000001,8.142,19.471,6.68,,1365.123386,1.8476,1.40855,45.3,33.6,42.55,46.980399999999996,0.32,22.5,23.2,0.9720000000000001,62.82222222222222,4.921048000000001,43.27,13.395906,67.83433,0.288,31.067896,406.5834,19.0594,23.61,57.19166666666666,9.274,0.5771999999999999,6.0,Comoros,lower_middle_income
cpv,14.714215999999999,24.619412,4.525568,16.75325,33.6735,16.5355,2.9995575,3732.899606,2.6694,1.3992559999999998,42.4,32.3,45.26,58.10080000000001,4.970000000000001,13.2,23.6,0.44800000000000006,73.08888888888889,4.547848,164.66666666666666,62.649443999999995,28.209008,0.7173999999999999,69.232484,127.31320000000001,25.1524,25.69,80.39833333333333,13.236,0.6624000000000001,10.0,Cape Verde,lower_middle_income
cri,6.671334,11.078076,2.351106,8.8092,23.9314,7.276599999999999,1.236452,12364.977327999999,2.0996,2.706426,48.32,36.82,42.794,61.763200000000005,5.68,10.9,26.75,0.21600000000000003,79.5,7.292312,987.4833333333332,72.893834,22.159712,2.0982,76.04281599999999,96.1832,31.076999999999998,23.39,65.97500000000001,9.996,0.8102,10.0,Costa Rica,upper_middle_income
cub,13.986656,22.491224,5.6292159999999996,1.95,4.795,1.875,0.327545,7934.890313999999,5.0981250000000005,3.2916000000000003,,,41.0,54.82860000000001,5.3149999999999995,22.5,25.35,0.1,77.82222222222222,11.721438000000001,376.7,89.383096,10.526534000000002,8.235,76.96612999999999,105.3194,40.4122,,45.46666666666667,5.398000000000001,0.7682,-6.5,Cuba,upper_middle_income
cyp,4.89636,8.258216000000001,1.470324,10.969199999999999,24.9204,10.6518,2.090898,25672.399612,0.90054,0.41345200000000004,32.44,26.5,37.838,64.7584,9.05,37.1,27.65,0.20400000000000001,81.35555555555555,6.792014,1750.5,44.349078000000006,42.215524,2.692,66.89737,135.6776,35.3318,25.22,6.3998333333333335,1.25,0.8952,10.0,Cyprus,high_income
cze,13.258894000000002,21.616291999999998,5.153874,3.2308,8.6816,2.6934,0.938716,19129.01582,2.1454,2.212814,25.3,21.68,38.844,59.9514,16.46,31.4,28.45,0.366,77.24444444444445,7.42821,1781.5,84.517584,14.279937999999998,4.04392,72.91226400000001,136.5272,41.1706,,10.856666666666667,0.704,0.9019999999999999,9.0,Czech Republic,high_income
deu,12.824862000000001,18.984826,6.825894,3.8088,6.6646,4.1838,1.113334,43226.258048,1.3776,1.671088,31.619999999999997,25.0,34.97,60.6912,12.475000000000001,25.1,27.85,0.11000000000000001,80.06666666666666,11.389313999999999,3861.3333333333335,77.29787,12.923250000000001,4.2344,80.992836,238.04760000000002,44.870000000000005,30.13,9.793000000000001,0.578,0.9513999999999999,10.0,Germany,high_income
dji,7.930745999999999,9.163198,6.715762,26.064,73.042,22.073,2.3486,2586.907448,3.3566000000000003,0.742046,41.6,32.3,,32.2692,1.87,,23.25,2.022,61.477777777777774,2.6965879999999998,156.33333333333334,50.443726,24.730781999999998,0.19466666666666668,71.346304,45.4996,22.617,,22.828333333333333,14.746,0.4838,3.0,Djibouti,lower_middle_income
dnk,11.126949999999999,15.574416,6.72546,5.6498,11.4722,5.4134,1.070694,55292.985586,1.3782,0.696026,28.2,23.7,33.91,61.867,12.695,21.2,26.5,0.05,79.02222222222223,10.188816,3913.0,83.970598,13.658424,4.0969999999999995,87.951446,135.8,40.733799999999995,30.85,5.8,0.6719999999999999,0.9495999999999999,10.0,Denmark,high_income
dom,6.297146,10.643474000000001,1.979036,6.5876,15.548399999999997,4.4959999999999996,0.736086,7458.771790000001,2.2066,3.2879980000000004,43.74,34.38,40.656,63.157,6.345000000000001,12.5,25.45,0.122,72.80000000000001,4.4315359999999995,456.31666666666666,58.082634,28.925027999999998,1.4285,73.8828,220.7744,25.762400000000003,,107.8,18.060000000000002,0.7654,7.25,Dominican Republic,upper_middle_income
dza,2.075686,2.6769559999999997,1.44663,11.136000000000001,24.907777777777778,9.293333333333333,2.59963,4717.271774,2.4528,1.571126,27.6,22.9,43.7,42.30800000000001,0.825,21.3,24.65,1.23,75.52222222222223,5.926661999999999,286.8833333333333,64.825434,33.742334,1.5,71.31783800000001,17.4966,27.015800000000002,29.6,7.207666666666667,1.204,0.7455999999999999,2.0,Algeria,upper_middle_income
ecu,8.629714,13.4799,3.788004,3.8781999999999996,8.8672,3.1848,0.44590399999999997,5992.810619999999,1.968,-0.321926,45.36,34.379999999999995,38.35,66.86420000000001,9.405000000000001,11.3,26.45,0.48600000000000004,74.17777777777778,7.704138,551.0166666666668,61.264272000000005,32.463038,2.1494,63.015206,67.58,26.0988,21.55,82.52,7.645999999999999,0.7642,5.0,Ecuador,upper_middle_income
egy,0.9199539999999999,1.379204,0.451458,10.995000000000001,27.2214,7.6290000000000004,2.6051200000000003,3482.19959,2.0016,16.09759,31.733333333333334,27.400000000000002,45.248000000000005,44.8112,0.345,22.8,27.55,0.36,70.28888888888889,4.966234,266.40000000000003,29.950371999999998,59.868413999999994,0.7363999999999999,42.502843999999996,104.1084,23.075799999999997,23.63,45.98,1.474,0.7205999999999999,-4.0,Egypt,lower_middle_income
eri,13.039038,19.43235,6.8349,,,,,748.4788571428571,-0.719916,10.742379999999999,,,,78.61760000000001,1.5899999999999999,,20.1,3.79,60.63333333333334,4.25906,18.31,18.190616,49.218813999999995,0.0752,35.427896,26.107,17.522399999999998,20.55,65.64833333333333,28.498,0.48599999999999993,-7.0,Eritrea,low_income
esp,7.974596,11.95587,4.124562,17.655,39.641200000000005,16.1436,5.107468,27277.225762,1.3968,0.959716,35.14,25.52,37.025999999999996,58.051,11.725,30.3,27.4,0.11599999999999999,81.24444444444445,9.030556,2767.5,70.827202,22.117606000000002,3.971,79.45327999999999,93.4852,42.4084,29.31,11.988333333333332,0.538,0.9024000000000001,10.0,Spain,high_income
est,16.01069,26.697148,6.522946,5.805400000000001,12.886199999999999,6.018,1.370134,19150.435676,3.5862000000000003,3.231564,31.080000000000002,23.14,37.738,62.87179999999999,16.405,33.3,27.2,0.6359999999999999,74.73333333333333,6.68986,1126.3666666666666,74.05817400000001,24.140282,3.4588,69.011196,30.353199999999998,40.879200000000004,27.58,20.495,3.2039999999999997,0.8939999999999999,9.0,Estonia,high_income
eth,5.425374,8.180304000000001,2.652478,2.3739999999999997,3.5715000000000003,1.7315,0.55865,672.880962,4.7826,10.630806,35.0,28.5,30.88,74.72540000000001,4.06,5.5,19.9,3.024,60.022222222222226,3.484694,37.485,24.185418,35.977536,0.08199999999999999,20.333779999999997,109.7304,17.4798,20.51,70.05333333333333,14.534,0.4694,-2.0,Ethiopia,low_income
fin,15.027724000000001,22.927024,7.347868,8.178,19.39,8.476,1.457762,44437.610808000005,1.1627399999999999,1.198574,27.32,22.6,35.348,58.8934,12.809999999999999,26.5,26.8,0.358,79.72222222222223,9.273294,2988.0,78.63174599999999,18.560489999999998,3.4614,71.99262,18.203,41.6568,30.54,9.066666666666666,1.466,0.9423999999999999,10.0,Finland,high_income
fji,9.479428,12.976732000000002,5.99436,4.319,15.399,3.697,1.07206,5447.677304,1.8244,1.5961159999999999,30.7,24.2,,57.6,2.5949999999999998,29.2,26.55,0.22999999999999998,65.75555555555555,3.635882,177.1,63.004380000000005,18.88212,0.813,55.696090000000005,50.2308,26.1826,22.9,44.376666666666665,3.276,0.7228,2.0,Fiji,upper_middle_income
fra,15.039186,22.173896000000003,8.34442,9.4506,22.9868,9.5878,2.54934,37594.243094,1.3168,0.91263,31.96,25.96,36.024,55.303399999999996,13.07,34.5,26.3,0.11200000000000002,81.1,11.322140000000001,3707.0,74.58847800000001,9.853204,3.2116,78.47366,118.44359999999999,40.6962,30.96,7.0296666666666665,0.754,0.9077999999999999,10.0,France,high_income
fsm,20.413031999999998,31.252983999999998,9.665975999999999,8.863,18.878,5.368,,2915.11751,0.6428200000000001,2.452226,41.25,31.049999999999997,30.37,,5.375,,27.35,0.192,66.22222222222223,12.489672,399.3333333333333,13.793038000000001,2.508672,0.762,22.33407,156.4182,21.4662,,24.915000000000003,7.1,0.6072,,"Micronesia, Fed. Sts.",lower_middle_income
gab,9.299548,15.759407999999999,2.577618,18.65,35.7,13.46,,6884.135241999999,4.7602,-0.13049400000000017,38.0,27.7,,50.905,9.39,,23.7,1.254,57.766666666666666,2.8150079999999997,422.7166666666667,61.160087999999995,23.962822,0.5535,88.99761,8.366,21.3698,22.1,89.85166666666667,4.1240000000000006,0.7253999999999999,3.0,Gabon,upper_middle_income
gbr,8.679414,13.290078,4.229882,4.5527999999999995,12.703999999999999,4.6846000000000005,0.956864,46708.18323,1.7079999999999997,1.6742379999999997,33.1,25.44,35.582,62.437,13.305,19.3,27.6,0.12,79.91111111111111,9.77883,3136.6666666666665,80.35821,15.205668,2.8204000000000002,82.23891,273.125,38.9024,29.75,29.396666666666665,0.48600000000000004,0.9358000000000001,8.5,UK,high_income
geo,5.761822,9.932814,2.124396,14.256200000000002,32.4094,16.077,3.71054,4488.737274,5.412,4.535895999999999,36.660000000000004,27.98,36.9,66.0568,6.53,32.0,27.6,0.48200000000000004,72.47777777777779,7.135288,411.25,37.940340000000006,52.4082,6.6208,58.002538,54.592200000000005,36.1642,22.47,44.00333333333333,2.198,0.8172,7.0,Georgia,upper_middle_income
gha,5.42387,8.472496,2.378482,5.0875,10.7015,5.149,1.224875,1844.0074319999999,3.6618000000000004,11.74569,43.5,32.2,36.8,67.57719999999999,3.04,4.3,22.4,1.722,63.15555555555555,3.2611420000000004,80.38166666666667,50.221962000000005,31.74722,0.11479999999999999,54.686388,131.8078,20.0042,22.45,70.24333333333334,8.584,0.5962,8.0,Ghana,lower_middle_income
gin,4.999537999999999,6.424206,3.621288,5.018,7.137,4.983,,849.766088,7.4004,7.091946,29.6,23.1,,54.2764,0.775,,22.25,1.7899999999999998,58.733333333333334,4.589692,55.775,14.813954,58.00858000000001,0.12766666666666668,35.582734,50.4354,17.1578,18.72,153.48333333333332,10.128,0.4788,4.0,Guinea,low_income
gmb,4.92471,6.81953,3.04998,4.055,7.019,4.906,0.80692,640.8865,2.9672,6.933333999999999,35.9,28.7,51.34,48.0148,3.4850000000000003,13.4,23.05,1.1400000000000001,62.699999999999996,3.2216700000000005,72.87666666666667,35.478778,24.14857,0.099,60.458122,231.363,17.1578,19.65,77.26166666666667,2.836,0.49399999999999994,-0.5,Gambia,low_income
gnb,7.19152,10.609164,3.875462,2.463,2.4885,2.982,0.66238,675.706192,1.9509999999999998,5.619187999999999,34.8,27.6,42.99,63.0096,3.79,10.9,22.55,1.8560000000000003,51.71111111111111,7.582801999999999,72.41333333333334,6.577642,67.257502,0.19966666666666666,43.015594,66.7518,17.8572,,110.05,13.569999999999999,0.4904,6.0,Guinea-Bissau,low_income
gnq,7.235158,10.157352,3.952414,,,,,7379.3748940000005,-8.437999999999999,-1.4771299999999998,,,,61.1262,6.1,,22.2,1.3359999999999999,56.977777777777774,2.793438,912.4166666666666,22.355415999999998,73.23830000000001,0.325,69.542668,55.694,21.0394,,121.8,3.632,0.6612,-6.0,Equatorial Guinea,upper_middle_income
grc,5.000032,8.284862,1.927542,21.2264,43.150600000000004,17.6662,7.7341359999999995,18473.692438000002,3.3442,-0.09017599999999999,34.28,25.56,40.57000000000001,51.004999999999995,10.879999999999999,38.4,27.8,0.11000000000000001,79.48888888888888,8.224496,2764.8333333333335,52.430424,35.012112,6.0718000000000005,77.87183,82.2496,43.373400000000004,26.94,11.273333333333333,0.834,0.8896000000000001,10.0,Greece,high_income
grd,0.611018,0.626498,0.5953700000000001,15.448666666666666,24.2035,10.565999999999999,,9312.989048,1.6506,1.9105359999999998,43.8,33.7,42.144999999999996,,10.530000000000001,,25.05,0.3,70.94444444444444,4.651701999999999,629.9666666666667,40.808083999999994,54.832716000000005,1.3675000000000002,36.025314,339.3628,30.4574,,41.88833333333333,4.8100000000000005,0.7854,,Grenada,upper_middle_income
gtm,5.685358,8.438446,2.971962,2.4054,5.1486,1.9724,0.336564,3994.0718079999997,0.9756,2.304826,51.4,40.5,,60.379999999999995,5.5649999999999995,12.5,25.45,1.074,70.87777777777778,6.098560000000001,312.7,37.17949599999999,55.881406000000005,0.3245,53.787138000000006,154.4556,20.5974,20.45,107.05,27.194,0.6458,8.0,Guatemala,upper_middle_income
guy,31.238556,49.758364,13.46556,13.3995,26.1385,12.0705,2.46053,5963.15036,3.8278,1.2170400000000001,,,44.005,54.1894,9.1,15.3,24.95,0.21800000000000003,63.266666666666666,4.433686,176.70000000000002,61.125938,32.24898,1.79,26.414022,3.9524,24.097,27.8,66.845,17.868,0.696,7.0,Guyana,upper_middle_income
hnd,3.7020139999999997,6.15379,1.209596,5.9496,11.199000000000002,4.517799999999999,0.45746000000000003,2369.6116,0.9928000000000001,4.085928,49.1,35.82,40.152,64.6224,4.455,13.5,25.65,1.006,71.08888888888889,7.342099999999999,224.84,39.821416,50.920533999999996,0.4465,55.384367999999995,87.9158,21.5756,20.35,92.59333333333332,49.054,0.619,7.0,Honduras,lower_middle_income
hrv,16.141624,25.093696,7.824307999999999,11.0232,28.157400000000003,10.3732,3.146786,13464.03126,1.548,1.0760340000000002,30.2,22.82,38.4,51.473800000000004,15.055,36.1,28.35,0.17,76.92222222222222,6.676682,1385.6666666666667,82.56158,11.147625999999999,3.3932,55.921622,73.0302,43.1494,26.23,13.416666666666666,0.884,0.8618,9.0,Croatia,high_income
hti,8.216148,10.828894,5.640636,15.45,,13.2,,1418.464324,2.6718,12.20504,41.1,31.2,41.95,65.9182,6.265000000000001,8.9,26.15,0.768,59.42222222222222,4.386062,62.72,11.372644,38.509946,0.16249999999999998,50.727636000000004,392.32460000000003,22.0024,22.28,45.98,30.642000000000003,0.5574000000000001,3.75,Haiti,low_income
hun,18.129478,28.401628,8.738966,4.6324,12.524199999999999,4.4666,1.4443175,13897.485678000001,1.9245999999999999,3.553864,30.433333333333334,23.833333333333332,38.336,57.628,16.195,33.8,28.5,0.252,74.32222222222222,6.689442,1467.1666666666667,68.300846,27.400572,3.3028,70.46802199999999,108.2076,41.4208,27.85,19.368333333333332,1.014,0.8538,10.0,Hungary,high_income
idn,1.5924960000000001,2.065138,1.115264,4.115,15.431999999999999,4.276000000000001,0.76859,3562.155502,4.4704,3.22573,36.64,29.160000000000004,39.62,67.0954,0.575,37.1,22.55,0.754,69.6888888888889,2.919228,94.00999999999999,45.768952,37.361446,0.3815,54.454524000000006,139.8496,28.367200000000004,22.11,44.95666666666667,1.236,0.7093999999999999,9.0,Indonesia,lower_middle_income
ind,14.482436000000002,16.589648,12.230502,7.0809999999999995,24.43,7.143000000000001,,1777.309924,5.212,3.155316,28.3,24.5,50.019999999999996,52.6722,2.6399999999999997,31.5,21.65,0.38,64.73333333333333,3.169486,111.81666666666666,30.957032000000005,57.64345000000001,0.7932,33.181382,457.1062,25.9652,19.94,85.23333333333333,3.194,0.645,9.0,India,lower_middle_income
irl,8.978442,13.967198,4.0881799999999995,7.1372,15.530000000000001,7.5562,2.091732,69743.886262,1.6574000000000002,2.969398,31.380000000000003,25.28,35.732,62.0544,14.665,23.4,28.15,0.122,79.71111111111112,7.021206000000001,3469.6666666666665,72.89730399999999,12.776752,3.2322,62.924764,70.4208,36.1248,30.71,16.583333333333332,0.52,0.9398,10.0,Ireland,high_income
irn,4.497196,6.557286,2.3577500000000002,11.7902,27.559000000000005,10.0016,2.3822975,5148.0544580000005,1.0337999999999998,18.17897,36.36,28.28,45.418,43.5516,1.025,15.5,25.2,0.9179999999999999,77.0,7.4745680000000005,650.9,45.766644,40.130588,1.2236666666666667,74.32885,52.1418,29.7472,22.14,28.97666666666667,2.848,0.7898000000000001,-7.0,Iran,upper_middle_income
irq,3.296904,4.777896,1.8139779999999999,11.92,24.12,9.375,,4751.310898,5.347199999999999,-1.93688,29.05,23.65,41.6,42.2622,0.435,19.5,27.25,0.396,67.77777777777777,4.039546,202.9333333333333,43.731794,55.795848,0.7564,69.89444,90.67620000000001,18.9106,24.84,92.88,15.34,0.6828000000000001,6.0,Iraq,upper_middle_income
isl,11.612558,18.684578,4.33873,3.182,7.6044,3.2573999999999996,0.39655199999999996,56212.693382000005,2.254,3.7931219999999994,26.7,22.28,38.422000000000004,76.4152,6.845,13.8,27.15,0.186,82.17777777777778,8.337872,3461.0,82.006338,16.365826,3.8556,93.822366,3.4387999999999996,35.249,27.51,14.25,0.6,0.9623999999999999,,Iceland,high_income
isr,5.018622,7.833575999999999,2.247122,4.3374,7.728199999999999,4.256600000000001,0.49418000000000006,37881.357078,1.2074,1.0635860000000001,38.760000000000005,27.639999999999997,38.842,65.4208,2.705,23.2,27.65,0.06,81.16666666666667,7.13925,1999.1666666666667,64.019102,22.189586,3.4562,91.664976,386.1966,28.851799999999997,25.87,14.235,1.8359999999999999,0.9077999999999999,6.0,Israel,high_income
ita,6.907972000000001,10.572842,3.434028,11.0434,34.833999999999996,10.2476,3.334112,31470.583259999996,0.68096,0.9716720000000001,35.260000000000005,26.04,36.5,49.2946,10.2,23.5,26.9,0.09,81.64444444444445,8.719636,2852.1666666666665,74.035564,23.521526,3.9641999999999995,69.542,203.971,45.1882,29.17,6.765000000000001,0.53,0.8976000000000001,10.0,Italy,high_income
jam,1.6505079999999999,2.938782,0.384276,8.0002,22.0332,5.9646,1.7464875,5586.07917,1.7878,5.9172519999999995,35.3,27.4,43.5,65.7086,5.085,11.5,25.700000000000003,0.142,75.38888888888889,5.907982,354.3333333333333,64.678568,17.375104,0.48233333333333334,55.931444,259.8632,28.7634,33.2,76.60833333333333,31.958,0.7146,9.0,Jamaica,upper_middle_income
jor,0.78795,1.192202,0.353278,16.3056,35.5904,14.502199999999998,3.1103233333333336,3952.888072,2.0561999999999996,1.686544,33.4,27.166666666666668,47.82666666666666,39.0476,0.6799999999999999,34.1,27.85,0.662,76.78888888888889,7.120468,428.25,46.006284,33.517970000000005,2.4890000000000003,90.80883800000001,114.6914,22.1906,25.86,26.38,3.1079999999999997,0.7464000000000001,-3.0,Jordan,upper_middle_income
jpn,17.500459999999997,24.885166,10.442508,2.8314,4.5582,3.0146,0.7941966666666667,35649.425017999994,1.29954,0.61829,32.04,24.119999999999997,38.519999999999996,60.67659999999999,7.91,22.8,23.6,0.156,82.74444444444445,10.75495,2829.5,84.01395600000001,12.870668,2.4539999999999997,91.542276,337.0876,46.5452,28.57,5.302833333333333,0.426,0.9196,10.0,Japan,high_income
kaz,19.5536,33.437246,6.704058000000001,4.888,3.78,4.4,0.67661,10482.342776,4.123,8.702397999999999,27.46,23.06,38.0,72.6896,11.030000000000001,25.7,26.15,2.178,66.43333333333334,3.024126,434.9666666666667,61.10795399999999,33.64918,3.6368,57.527784,6.9075999999999995,28.668600000000005,23.36,28.948333333333334,6.946,0.825,-6.0,Kazakhstan,upper_middle_income
ken,5.741388,8.046772,3.4551540000000003,3.8855000000000004,10.1045,3.6835,1.32496,1558.367076,3.7014000000000005,6.232094,40.8,31.6,45.55,71.78099999999999,4.01,12.8,22.05,3.2619999999999996,62.15555555555555,4.39449,68.56833333333333,43.043634,24.568632,0.16,31.501196,84.6644,18.0786,21.45,100.185,19.166,0.5984,9.0,Kenya,lower_middle_income
kgz,9.114011999999999,14.283188,4.022214,4.3073999999999995,9.0552,3.9219999999999997,0.9539139999999999,1153.61983,4.0378,5.812752000000001,28.1,24.080000000000002,37.894,64.33239999999999,4.904999999999999,28.0,25.55,0.776,67.46666666666667,5.802516,128.95000000000002,42.928098,52.18615200000001,1.816,34.994392,32.4984,24.221600000000002,21.84,33.593333333333334,3.7980000000000005,0.703,7.5,Kyrgyz Republic,lower_middle_income
khm,4.449134,6.148066,2.825742,0.43725,0.9715,0.3785,0.05458,1767.865364,6.354,2.667016,,,44.3,81.4178,4.74,22.7,21.95,0.386,66.41111111111111,4.588004,108.03666666666668,24.529972,59.396194,0.1928,34.95598,88.718,24.0216,22.3,40.355,2.7640000000000002,0.5778,-1.0,Cambodia,lower_middle_income
kir,19.908445999999998,34.800346000000005,6.039452,8.9455,19.703,10.174,,1755.9939760000002,-0.039214,1.269768,27.8,22.8,,,3.205,47.1,29.0,1.508,61.3111111111111,9.401104,277.25,85.266014,0.761836,0.2365,53.29675999999999,165.722,21.634999999999998,,39.0,0.662,0.6296,,Kiribati,lower_middle_income
kor,27.523044,39.17914,15.834304,3.6838,10.089599999999999,3.7788000000000004,0.166724,31901.260159999998,3.335,1.450422,34.25,25.725,42.63,62.7736,19.15,23.8,24.45,0.272,79.80000000000001,7.250898000000001,1674.8333333333333,56.436428,34.795587999999995,2.3438000000000003,81.46777999999999,519.8484000000001,41.04,27.07,2.969,0.9179999999999999,0.921,8.0,South Korea,high_income
kwt,1.8743120000000002,2.7303059999999997,0.5661080000000001,2.18,15.370000000000001,1.0699999999999998,,27934.254324,0.70644,-1.075314,,,,73.01039999999999,0.1,19.9,29.15,0.44800000000000006,78.91111111111111,4.8101140000000004,1110.8833333333334,86.45244,12.254386,2.1952,100.0,233.00799999999998,34.5696,25.07,14.146666666666667,1.184,0.8378,-7.0,Kuwait,high_income
lao,4.60459,6.43935,2.7476860000000003,2.6369999999999996,4.9755,2.8955,0.61783,2344.456786,5.686,2.068044,38.8,31.2,41.45,60.5684,6.86,32.8,22.45,0.616,64.14444444444445,2.4380040000000003,84.30833333333334,35.685556000000005,45.684556,0.387,34.514920000000004,30.411,22.529,,38.473333333333336,6.909999999999999,0.6106,-7.0,Lao,lower_middle_income
lbn,0.741074,0.927138,0.560546,11.301,23.316,9.913,2.38282,8098.319595999999,2.7138,3.314586,31.8,24.7,47.57,47.9732,2.2649999999999997,34.7,27.85,0.256,77.48888888888888,7.98168,891.6666666666666,47.131478,32.75007,2.3048,89.0568,600.8674,28.287,,16.405,2.5420000000000003,0.7694,6.0,Lebanon,upper_middle_income
lbr,5.864929999999999,7.645453999999999,4.097556,4.506,5.5680000000000005,5.007,0.98379,666.8914619999999,5.237,0.7294879999999999,35.3,27.1,47.65,76.892,5.0649999999999995,10.3,23.1,1.704,61.300000000000004,9.99182,39.22,14.14239,47.414202,0.08420000000000001,51.797554000000005,50.3578,17.647399999999998,20.16,139.0,5.218,0.4896,6.25,Liberia,low_income
lby,6.052106,8.77629,3.213112,19.03,48.7,15.88,,8583.91619,13.9986,1.4463000000000001,,,,49.3686,0.10500000000000001,,26.75,0.898,74.5,5.413848,534.8000000000001,69.154278,30.650470000000002,1.9514999999999998,87.81781600000001,4.0214,25.797199999999997,29.19,3.106833333333333,10.462,0.7346,0.0,Libya,upper_middle_income
lca,7.285206,13.441924,1.192386,18.026,42.24366666666666,16.395,,10857.659734,1.0830600000000001,1.85109,43.7,34.1,40.73,69.3394,11.95,15.4,29.5,0.14200000000000002,74.13333333333334,4.335255999999999,718.6833333333334,46.396766,46.180874,6.1129999999999995,21.958892,286.22439999999995,31.314,32.26,60.525,18.28,0.7556,,St. Lucia,upper_middle_income
lka,15.299242000000001,24.873886,6.294782,4.359,20.2594,2.955,1.005916,4331.456512,5.778,4.419258,38.5,31.700000000000003,44.186,53.071000000000005,0.8,22.1,22.55,0.19,75.11111111111111,3.634478,150.43333333333334,44.220172000000005,48.126672,0.9258,19.148108,352.0994,31.281200000000002,25.26,23.363999999999997,1.65,0.7762,6.0,Sri Lanka,upper_middle_income
lso,27.464074,39.229468000000004,16.331294,16.876,25.589,15.111,3.95079,1095.2091619999999,5.0582,5.445604,44.9,32.9,50.37,60.229200000000006,5.555,26.0,22.25,1.812,46.24444444444444,12.450498,119.54166666666667,51.7847,13.745251999999999,0.457,36.459946,71.0486,20.5756,21.31,72.53833333333334,48.914,0.5306,8.0,Lesotho,lower_middle_income
ltu,30.018428,52.854476,10.42198,7.2914,13.397200000000002,8.3226,2.085254,15765.107304,4.1659999999999995,2.209976,36.82,28.22,37.982,60.736000000000004,15.665,34.6,27.25,1.782,73.01111111111112,6.61744,1143.4166666666667,65.67788399999999,32.043142,4.5046,67.182236,45.3578,42.5932,26.13,17.371666666666666,3.908,0.8824,10.0,Lithuania,high_income
lux,10.750829999999999,14.683704,6.782089999999999,6.0338,17.234,5.8844,1.390514,107067.257136,0.126856,1.202084,33.739999999999995,25.44,37.56,59.4772,12.925,24.9,27.4,0.09,80.6888888888889,5.206476,6159.166666666667,84.90347,10.428836,2.925333333333333,92.110276,229.946,38.3926,27.84,9.306666666666667,0.626,0.9146000000000001,10.0,Luxembourg,high_income
lva,19.795707999999998,34.647696,7.152758,8.391,15.044,9.471,2.5268539999999997,14388.125826,4.4478,2.352144,34.739999999999995,26.48,38.394,60.7192,12.975,37.1,27.25,0.834,73.07777777777778,6.115291999999999,1064.4333333333334,58.252438,39.972249999999995,3.2368,67.976058,31.2476,42.2402,28.16,16.845,4.442,0.8695999999999999,8.0,Latvia,high_income
mar,3.361116,3.8190579999999996,2.894496,9.38,17.695,8.96,2.277205,3236.55371,4.3372,1.1675840000000002,40.1,32.5,44.849999999999994,46.261,1.35,14.9,25.25,1.9620000000000002,73.45555555555556,5.025214,218.66666666666666,39.7235,47.786738,0.734,61.259244,79.3762,27.142000000000003,26.44,14.693333333333333,0.974,0.673,-4.0,Morocco,lower_middle_income
mda,13.788777999999999,24.858905999999998,4.245736,1.5470000000000002,3.341,1.9562000000000002,0.237844,3090.502546,4.226,5.988078,26.18,22.16,38.106,68.96759999999999,20.615000000000002,28.1,26.700000000000003,3.308,70.26666666666667,7.285036,307.53333333333336,52.22925,42.366976,3.3840000000000003,40.100896,97.22540000000001,35.757400000000004,20.87,33.24,4.492,0.7676000000000001,9.0,Moldova,lower_middle_income
mdg,5.889480000000001,8.36656,3.396432,1.785,3.441,1.77,,455.98726,2.3552,7.049084000000001,41.63333333333333,33.4,34.52,85.64959999999999,1.3250000000000002,32.1,21.4,3.6799999999999997,63.46666666666667,4.4927779999999995,38.63666666666666,37.694801999999996,27.483479999999997,0.195,29.69818,46.0744,17.8624,19.85,133.48333333333332,3.2380000000000004,0.5006,6.0,Madagascar,low_income
mdv,2.41985,3.701224,0.49077400000000004,5.1665,14.499,5.566000000000001,0.6178049999999999,10361.220372,2.9254000000000002,2.47452,30.3,24.25,47.495,60.409000000000006,,30.3,24.200000000000003,0.18,78.34444444444445,8.678965999999999,496.1666666666667,74.14769,19.243174,1.82775,39.320548,1527.0522,27.5298,21.82,12.846666666666666,1.456,0.7378,,Maldives,upper_middle_income
mex,5.751542,9.459444,2.2298780000000002,3.6670000000000003,7.431,3.5994,0.083066,10154.365476,2.6732,5.078824,46.45,37.0,43.748000000000005,60.5474,8.485,17.0,27.35,0.386,75.76666666666667,5.3518479999999995,831.82,50.562336,41.759188,2.402,77.746938,62.989200000000004,26.9278,22.73,69.97333333333333,24.240000000000002,0.781,8.0,Mexico,upper_middle_income
mkd,5.416416,8.079276,2.8649940000000003,22.4372,45.073,22.7532,1.85056,5572.686044,3.6338,2.6140060000000003,34.160000000000004,23.68,41.302,53.2838,8.725,,27.45,0.21800000000000003,75.69999999999999,6.536866000000001,712.3000000000001,61.076747999999995,38.189062,3.2222,59.796566,77.86980000000001,37.8412,22.88,21.57166666666667,1.472,0.8042,9.0,North Macedonia,upper_middle_income
mli,4.162276,5.563796000000001,2.7333100000000004,4.284000000000001,9.8336,3.9374000000000002,0.42395,876.0327380000001,1.563,1.714708,36.0,28.1,42.5475,69.5544,1.0150000000000001,10.0,22.65,1.56,55.97777777777778,3.824282,56.208333333333336,29.30154,34.211404,0.111,27.082107999999998,16.2446,14.9298,18.49,183.11666666666667,11.422,0.41719999999999996,5.0,Mali,low_income
mlt,5.834198,9.46067,2.11596,4.425400000000001,10.468,4.2832,1.241156,27821.064048,1.3056,2.553216,29.48,23.54,37.827999999999996,57.8846,4.185,26.8,28.1,0.08,81.57777777777778,8.835666,2092.8333333333335,62.54914,35.19788,3.8933999999999997,94.629078,1496.3334,39.3274,,18.775000000000002,0.8779999999999999,0.9004,,Malta,high_income
mmr,3.0763179999999997,5.039554,1.12167,0.8240000000000001,2.07875,0.6735,0.1526275,1297.046896,5.6662,4.877962,34.4,28.6,47.625,62.5948,0.575,50.2,22.15,2.306,64.98888888888888,4.930184,34.22,16.312168,75.164066,0.745,29.901315999999998,79.41120000000001,27.8996,24.54,15.713333333333333,1.922,0.5873999999999999,6.5,Myanmar,lower_middle_income
mne,13.334204,21.067422,6.1448160000000005,16.3374,31.960199999999997,16.2626,6.250506,6905.213348,2.6894,3.501674,37.38,26.54,42.971999999999994,53.177,,33.7,27.15,0.298,74.83333333333333,8.462171999999999,999.1666666666666,59.54073999999999,39.258376,2.6474,64.996334,44.888,37.5612,25.94,17.76,2.126,0.8436,9.0,Montenegro,upper_middle_income
mng,17.89595,30.746767999999996,5.168976,6.571199999999999,17.9558,7.297399999999999,1.9747340000000002,4026.9436419999997,5.696,6.467236,32.5,25.65,49.046,60.2524,3.325,30.5,25.6,2.7199999999999998,63.477777777777774,4.43613,170.73833333333334,51.670182,39.257692,3.4223999999999997,67.91996200000001,1.9929999999999999,26.056600000000003,23.66,20.486666666666668,6.8180000000000005,0.7592000000000001,10.0,Mongolia,lower_middle_income
moz,11.878222,17.871654,6.279988,3.426,7.407,3.155,0.58821,617.606844,5.2707999999999995,7.134324000000001,50.7,41.7,36.35,79.0128,2.325,,21.9,1.544,55.2,7.502234,41.15333333333333,23.732104,10.104598,0.08266666666666667,32.710924,35.8488,15.95,18.74,146.96666666666667,9.392,0.46440000000000003,5.0,Mozambique,low_income
mrt,2.748588,3.7896860000000006,1.756232,10.376000000000001,21.9595,8.814499999999999,,1573.421316,5.0114,3.5765319999999994,32.0,24.6,44.325,41.374199999999995,0.11,12.3,22.95,1.066,63.900000000000006,3.251104,80.74166666666666,35.894133999999994,56.558592,0.19,53.994754,4.0882,16.723399999999998,21.78,78.535,6.494,0.5554,-2.0,Mauritania,lower_middle_income
mus,8.977688,14.385160000000003,3.530952,6.746600000000001,23.5794,4.5918,1.259612,10378.86916,3.6058,1.3766660000000002,36.8,29.9,38.386,59.7814,3.625,22.1,24.65,0.18,72.43333333333334,5.598014,629.6999999999999,43.652842,47.836088000000004,2.1602,39.455444,635.452,34.8312,22.55,34.80833333333334,1.6079999999999999,0.798,10.0,Mauritius,upper_middle_income
mwi,6.840904,11.41807,2.4944800000000003,3.77,5.196,3.149,1.02506,549.203624,3.2979999999999996,12.913036,41.6,34.55,30.92,68.144,1.5899999999999999,12.9,22.5,2.562,52.64444444444444,7.038588,60.126666666666665,24.931172,12.14949,0.0905,15.971485999999999,190.8724,16.3264,18.94,120.46666666666665,20.998,0.5082,6.0,Malawi,low_income
mys,5.06699,7.645756,2.218894,3.316,10.68,3.046666666666667,0.21625666666666668,10271.420164,3.245,1.4703560000000002,41.150000000000006,31.25,45.3,65.37180000000001,0.845,24.0,25.25,0.538,74.47777777777777,3.7673859999999997,534.0500000000001,51.915002,35.658718,1.7462,74.18688,98.4506,27.476999999999997,25.12,13.446666666666667,2.234,0.8066000000000001,5.5,Malaysia,upper_middle_income
nam,8.598076,13.888794,3.586152,21.6145,41.42100000000001,21.456,5.59215,4508.607,3.7363999999999997,5.421418000000001,59.1,47.2,45.205,59.714999999999996,10.855,16.9,22.5,2.15,57.41111111111112,8.94286,419.0,44.50626,7.774526,0.42333333333333334,46.784874,3.0484,20.5888,27.53,71.14999999999999,33.188,0.6382,6.0,Namibia,upper_middle_income
ner,4.512732,6.03395,2.9443539999999997,4.15,8.6975,4.178,0.09774,506.80566600000003,6.7378,1.357948,37.3,31.1,39.74,73.17360000000001,0.34,8.1,21.2,2.318,59.92222222222222,5.285096,36.855,29.577374,50.71325,0.032600000000000004,16.531028,16.925,14.5096,17.6,205.04999999999998,12.788,0.38580000000000003,5.25,Niger,low_income
nga,4.416938,7.377884,1.400456,7.61375,29.858,6.64975,,2474.5149460000002,3.9496,17.839926,35.5,26.799999999999997,43.18,81.197,12.5,4.7,22.35,1.814,58.42222222222222,3.410696,120.25,15.102928,74.381558,0.38266666666666665,57.34773800000001,219.7688,16.830000000000002,20.91,117.8,9.168000000000001,0.5354,7.0,Nigeria,lower_middle_income
nic,4.894292,7.673176000000001,2.2080539999999997,4.275,8.333333333333334,4.025,0.563645,2110.297564,2.7199999999999998,4.871146,46.300000000000004,37.0,41.949999999999996,65.1712,5.29,,26.15,0.372,75.5,8.267814,226.54000000000002,58.937014,34.125838,0.89725,58.18352,52.488,23.32,20.45,111.8,9.558,0.6862,6.75,Nicaragua,lower_middle_income
nld,11.573938000000002,15.219116,7.995028,4.9854,8.9658,4.74,1.3667500000000001,47567.200294,1.6204,1.690916,28.439999999999998,23.22,31.574,66.3374,9.9,24.7,26.4,0.04,80.27777777777777,10.129876,4207.333333333333,65.63071199999999,10.967344,3.5736,91.695422,514.3077999999999,41.3844,30.51,5.103166666666667,0.726,0.9446,10.0,Netherlands,high_income
nor,12.364072,16.609184,8.054112,4.125,10.2186,4.4962,0.868044,75832.1613,0.8991199999999999,1.174572,27.660000000000004,22.3,33.646,65.2142,8.08,20.5,27.5,0.1,80.8111111111111,10.245743999999998,4968.0,85.487044,14.162612000000001,4.3402,81.925318,17.330599999999997,38.450599999999994,31.62,8.833333333333334,0.512,0.9638,10.0,Norway,high_income
npl,10.545452000000001,13.627626000000001,7.702026000000001,6.88,20.529,6.597,1.2354,960.324552,3.251,5.773562,32.8,26.4,47.32,39.959199999999996,2.415,36.3,22.35,3.404,69.02222222222223,4.916998,61.21166666666667,21.230916,57.578806,0.7483333333333334,65.523046,190.6278,21.8628,18.98,101.61333333333334,1.952,0.5885999999999999,6.25,Nepal,low_income
nzl,12.156824,18.033546,6.4041939999999995,4.7484,12.671000000000001,4.42,0.814752,39744.555316,1.8219999999999998,2.4798359999999997,,,33.0,69.821,9.805,16.4,28.25,0.096,80.3,9.209038,2592.0,75.03177000000001,13.111114,3.216,84.32401999999999,18.144,36.261199999999995,30.01,29.605,1.404,0.9368000000000001,10.0,New Zealand,high_income
omn,1.8932380000000002,2.731598,0.355606,2.533,,1.3010000000000002,,18455.224536,0.57896,-2.38375,,,,70.0432,0.9299999999999999,8.1,26.1,0.068,74.82222222222222,3.845888,689.7666666666668,88.65264199999999,5.85139,2.0604,78.382498,14.411599999999998,28.422000000000004,21.67,10.137666666666666,0.6,0.8484,-8.0,Oman,high_income
pak,6.296074,9.033854,3.432332,3.691,7.28275,3.32775,0.6418325,1492.68669,2.4862,4.454402,30.450000000000003,26.25,46.7975,51.5274,0.055,23.7,23.1,0.192,64.35555555555555,2.705462,60.81666666666666,30.755962,59.34686799999999,0.9276,36.470722,290.1704,19.425,22.13,31.898333333333337,2.952,0.5354,7.0,Pakistan,lower_middle_income
pan,2.856718,4.855112,0.8522460000000001,5.2856000000000005,14.005199999999999,4.3652,0.5593440000000001,14916.102072,4.7394,1.7046780000000001,50.019999999999996,37.92,37.724000000000004,66.7582,7.074999999999999,7.1,26.15,0.23199999999999998,77.30000000000001,7.38649,877.8000000000001,59.634803999999995,34.194834,1.5974,65.649314,55.2472,27.8046,21.92,81.89666666666666,15.056000000000001,0.8144,9.0,Panama,high_income
per,1.557822,2.126772,0.9919699999999999,3.5149999999999997,7.7014,3.3036000000000003,0.03651,6460.158170000001,4.1908,2.70734,42.839999999999996,32.04,39.038,76.5634,6.715,11.7,26.05,0.35,76.71111111111111,4.979737999999999,407.1166666666666,62.275342,29.357206,1.3446666666666667,82.01989599999999,24.5288,27.627,23.57,54.18833333333333,3.318,0.7764,9.0,Peru,upper_middle_income
phl,3.255166,5.058914,1.448102,2.5780000000000003,7.4122,2.4406,0.014529999999999998,3244.092836,4.0728,1.463724,43.45,34.2,41.760000000000005,60.11220000000001,6.23,24.4,22.75,0.174,69.52222222222223,3.986764,122.75,38.367326,50.208494,0.6654,52.518420000000006,360.2922,22.9528,23.18,52.54666666666666,11.642,0.6963999999999999,8.0,Philippines,lower_middle_income
png,1.9913640000000001,2.3200220000000003,1.6387740000000002,2.311,3.612,3.1915,,2543.52002,4.48106,3.969228,41.9,31.0,,50.314800000000005,3.5650000000000004,43.5,25.35,0.728,58.46666666666667,2.201004,74.90833333333333,70.33959200000001,10.127748,0.062,13.552974,20.2656,21.1702,20.8,66.31166666666667,6.3,0.5546,5.0,Papua New Guinea,lower_middle_income
pol,14.017028,25.151262,3.5300339999999997,5.117,14.9566,5.0374,1.133746,13826.349460000001,3.4997999999999996,1.485444,30.339999999999996,23.880000000000003,39.246,57.160199999999996,13.84,27.6,27.700000000000003,0.318,75.80000000000001,6.470536,1166.8166666666666,69.854272,21.806142,2.5376,60.147672,124.9218,39.0314,25.3,14.281666666666666,1.1620000000000001,0.8832000000000001,10.0,Poland,high_income
pri,6.005624,10.865916,1.6113279999999999,10.42,23.0725,13.8,,,-0.7607914285714286,,,,35.94,40.304,5.75,,,0.132,,,,,,,,389.96279999999996,41.931200000000004,22.59,54.305,22.068,,,Puerto Rico,high_income
prk,10.301792,11.863682,8.788772,,,,,,-0.12388749999999998,,,,,82.01820000000001,18.28,19.8,24.25,1.17,70.66666666666667,,,,,3.6365,61.830068000000004,214.3678,34.650800000000004,,0.6848000000000001,2.792,,-10.0,North Korea,low_income
prt,12.242924,18.791932,6.329728,9.1458,24.3886,8.7872,3.0046880000000002,20361.952554,1.6436,1.807096,34.160000000000004,26.82,37.903999999999996,58.7398,14.22,25.5,26.5,0.33,79.26666666666667,9.388628,2491.8333333333335,61.263314,29.835922,5.0958,61.127936,112.4446,43.7232,23.93,16.113333333333333,1.082,0.8635999999999999,10.0,Portugal,high_income
pry,6.775206,9.866924000000001,3.64808,5.7522,13.3462,4.8378,0.644134,6152.441150000001,2.694,2.583996,47.14,36.82,41.554,70.6382,7.895,14.6,26.25,0.246,73.54444444444444,6.776411999999999,279.1166666666667,46.278434000000004,43.269490000000005,1.466,63.05502200000001,15.6698,24.5658,22.7,72.18166666666667,12.925999999999998,0.741,9.0,Paraguay,upper_middle_income
pse,0.681826,1.106374,0.26361999999999997,24.8434,40.0572,21.2164,3.272788,3402.8924500000003,2.21475,0.8687800000000001,33.7,25.2,42.132,43.8926,,,,0.192,73.86666666666666,9.250604,,33.503958,41.484744,1.971,85.45658399999999,787.5552,18.8996,22.86,54.25833333333333,5.354,0.7208,,Palestine,lower_middle_income
qat,7.39088,9.4832,1.226434,0.134,0.45999999999999996,0.05600000000000001,0.06154,65723.66165,2.18044,-3.672058,35.1,25.8,49.25,87.4366,1.27,12.5,28.95,0.414,80.63333333333334,3.3088679999999995,1991.0,85.653056,6.321116,2.6275,99.029904,229.4576,30.5786,25.79,16.268333333333334,0.438,0.8694,-10.0,Qatar,high_income
rou,10.262716000000001,17.7656,3.231008,5.1478,18.7176,5.7492,1.46209,10056.321526,3.342,4.73698,35.379999999999995,24.56,38.758,51.6548,15.725,32.0,27.5,0.9359999999999999,74.03333333333333,5.288836,699.8166666666666,78.908254,20.171950000000002,2.9386,53.332522,85.569,40.9532,25.3,36.468333333333334,1.4060000000000001,0.829,9.0,Romania,upper_middle_income
rus,27.797773999999997,48.548558,9.832878,5.1656,16.22,5.328799999999999,1.374072,9504.551758,2.5154000000000005,5.740978,35.94,26.639999999999997,39.214,62.4798,15.995000000000001,30.0,26.0,2.85,68.19999999999999,5.3896679999999995,885.8000000000001,58.673164,38.901896,4.0418,74.45457,8.9184,38.0092,23.59,28.463333333333335,11.254000000000001,0.8395999999999999,4.0,Russia,upper_middle_income
rwa,8.058064,11.846281999999999,4.4819960000000005,11.290000000000001,16.315,10.630666666666668,0.7508666666666667,791.378452,5.289,3.109304,43.7,35.6,33.163333333333334,60.1118,9.895,16.6,21.4,3.7159999999999997,62.300000000000004,6.580002,96.47500000000001,34.82621,11.773366,0.12279999999999999,20.415482,504.1336,18.5022,22.58,38.63166666666667,5.2219999999999995,0.5376000000000001,-3.0,Rwanda,low_income
sau,1.006522,1.197692,0.694066,5.7509999999999994,29.096666666666664,2.7674,,23674.699276,2.1884,0.5385739999999999,,,,60.009,0.29500000000000004,14.4,27.95,0.32599999999999996,77.58888888888889,5.788558,832.3833333333333,70.799386,14.092148,2.6236,83.29928,14.1704,27.887,25.84,14.555,1.23,0.8666,-10.0,Saudi Arabia,high_income
sdn,3.467628,4.30335,2.6432539999999998,15.335333333333333,28.4605,11.401000000000002,2.99359,1232.781032,2.4696000000000002,35.456948,34.8,27.25,,42.4524,2.56,,22.75,1.456,67.62222222222222,5.289588,120.07166666666667,20.178506,71.492076,0.323,34.284335999999996,24.2234,17.235,22.67,61.258333333333326,2.512,0.5076,-4.0,Sudan,lower_middle_income
sen,6.9972579999999995,10.694232,3.268542,4.53825,6.0752500000000005,4.44825,0.295075,1304.44588,2.076,0.774102,38.3,30.8,43.81,48.1338,0.5549999999999999,8.4,21.35,1.33,64.5,4.344938000000001,102.97500000000001,24.554322000000003,49.591474,0.11035,48.021692,80.37219999999999,17.816,21.54,102.85666666666667,1.6060000000000003,0.5168,7.0,Senegal,lower_middle_income
sgp,8.581722,11.329457999999999,5.626052,3.7925,9.24,3.605,,58942.714122,2.6578,1.927926,,,44.45,69.0568,1.545,16.6,24.4,0.026000000000000002,81.15555555555555,4.2442899999999995,1853.1666666666667,49.315298,31.339454,2.3862,100.0,8202.4244,33.7654,26.51,5.3735,0.554,0.937,-2.0,Singapore,high_income
slb,20.494965999999998,29.888966,10.65362,1.357,1.327,1.459,,2062.0167659999997,1.3042,3.0754759999999997,41.6,32.45,34.6,84.2016,1.5150000000000001,38.3,25.55,0.52,62.800000000000004,4.2890619999999995,178.20000000000002,72.611412,3.2843620000000002,0.181,25.424126,23.785800000000002,19.171,21.23,69.16000000000001,3.63,0.58,8.0,Solomon Islands,lower_middle_income
sle,5.950916,7.554728,4.359818,3.192,3.58,4.268,0.74354,1008.10743,4.6986,8.27892,35.7,29.4,42.71,54.799400000000006,9.600000000000001,18.4,21.9,2.718,56.12222222222223,12.453247999999999,100.50666666666666,9.011036,49.493044,0.054,41.721996000000004,102.8962,18.0208,19.76,135.76666666666668,11.209999999999999,0.44480000000000003,7.0,Sierra Leone,low_income
slv,9.128636,15.414218,3.4202579999999996,4.1954,9.668600000000001,4.4114,,3962.061046,1.488,1.103242,39.2,30.139999999999997,42.306,59.114200000000004,3.8,10.5,26.55,1.078,73.75555555555555,8.605394,418.7166666666667,54.6126,36.440756,2.2646,71.071102,299.6152,24.5396,22.29,82.31,80.00399999999999,0.6676,8.0,El Salvador,lower_middle_income
som,7.9614199999999995,10.25658,5.657948,18.828,33.816,16.167,,480.886154,0.09741555555555555,5.702524,,,31.42,34.114999999999995,0.5,,22.2,2.176,56.81111111111111,2.422834,,4.669802,42.296388,0.0375,48.15227,23.769,15.0996,,69.885,25.842000000000002,,5.0,Somalia,low_income
srb,16.136029999999998,24.36183,8.656164,13.9044,33.4496,13.2096,4.801734,6288.075742,2.6002,2.211626,36.980000000000004,26.68,41.626,53.1548,11.65,41.1,26.85,0.21800000000000003,76.73333333333333,8.537942,1038.3,58.089620000000004,39.40545,2.968,60.607597999999996,92.1682,42.7072,25.94,21.901666666666667,1.556,0.8093999999999999,8.0,Serbia,upper_middle_income
ssd,6.223319999999999,9.608924,2.934194,12.298,18.516,11.142,,1080.14719,6.8628,17.68933,44.0,33.0,,74.0654,,,,4.7780000000000005,56.2,11.683736666666666,,9.929516666666666,29.092026666666666,0.037000000000000005,19.353368,18.6982,16.6586,,,24.912,0.33599999999999997,0.0,South Sudan,low_income
stp,0.8519120000000001,1.2915119999999998,0.41504399999999997,8.808,8.395,8.711,0.67256,1370.1481760000001,3.8568,7.164394,40.7,32.8,,23.859,8.594999999999999,7.4,23.7,1.252,67.34444444444445,6.600218,141.16666666666666,40.566904,15.499441999999998,0.40349999999999997,67.652266,215.5268,18.071199999999997,17.76,65.36999999999999,5.818,0.6168,,Sao Tome and Principe,lower_middle_income
sur,26.2545,39.418262,12.95711,7.5685,19.948,5.0295000000000005,1.24592,8557.915772,3.5204,13.581712,,,,56.09160000000001,6.324999999999999,,25.35,0.24,69.30000000000001,6.468492,501.5833333333333,62.854588,21.046392,1.00475,66.107308,3.8055999999999996,26.8984,,39.095,9.594,0.7176,5.0,Suriname,upper_middle_income
svk,9.816018,16.664962,3.288942,8.3236,19.7476,7.7524,3.3423279999999997,17299.620306,3.3252,1.023026,24.619999999999997,19.52,38.636,59.762,13.32,31.9,27.65,0.264,75.19999999999999,6.839394,1685.3333333333333,79.156106,18.62236,3.489,53.615480000000005,110.8522,39.0022,26.36,19.37,1.436,0.8657999999999999,10.0,Slovak Republic,high_income
svn,19.393826,30.692719999999998,8.211160000000001,6.616,11.9378,5.9836,2.129148,22328.379464,1.41954,1.51197,24.68,20.740000000000002,38.17999999999999,58.0628,15.065,21.8,26.9,0.11000000000000001,78.83333333333333,8.385712,2290.6666666666665,72.053714,12.089014,3.0822000000000003,54.639454,102.6582,42.5082,30.3,5.004666666666666,0.542,0.9172,10.0,Slovenia,high_income
swe,14.573545999999999,19.598488,9.515116,6.8676,18.9636,7.017799999999999,1.249214,51987.272154,1.7464,2.236172,29.380000000000003,22.82,35.158,64.3202,9.8,28.3,27.0,0.182,81.22222222222223,10.842996,3451.6666666666665,84.567764,14.23069,4.2572,87.207164,24.665,39.7302,32.4,6.294333333333333,1.112,0.9491999999999999,10.0,Sweden,high_income
swz,27.410476,46.857184000000004,8.832498,22.718,47.063,21.031,2.28889,3568.289926,0.80256,4.458584,54.6,42.7,44.01,50.3852,5.375,10.2,23.85,2.276,47.099999999999994,7.315952,306.9166666666667,46.627394,10.20301,0.17033333333333334,23.8006,66.80080000000001,20.4606,25.96,82.52333333333333,44.29,0.6306,-7.0,Eswatini,lower_middle_income
syc,7.827138,13.243264,1.417722,3.665,11.4568,3.6148,,17665.437222,2.4238,0.5218119999999999,32.1,23.9,42.8,,11.35,22.7,25.65,0.29,72.65555555555555,4.4851399999999995,737.9,72.047196,25.458972,1.9350000000000003,43.523364,246.0254,31.592599999999997,,63.11666666666667,3.132,0.8392,,Seychelles,high_income
syr,0.605022,0.94984,0.258894,8.856,18.713333333333335,6.152,,802.103372,1.326375,29.065164,40.25,31.25,,37.6808,1.46,,26.95,0.49799999999999994,75.47777777777777,3.7677840000000002,172.65,51.283142,44.898458,1.41425,74.66652400000001,106.4444,18.8454,,41.79333333333334,5.578,0.5556,-9.0,Syria,low_income
tcd,5.165290000000001,7.4325,2.884124,1.135,1.529,1.423,0.16094,922.5342,1.8819400000000002,-2.036216,37.5,29.7,,60.602599999999995,4.385,8.3,21.3,2.408,55.41111111111111,3.4402340000000002,58.26,16.605725999999997,59.964504,0.0456,23.499232,12.4248,14.713999999999999,18.34,161.78333333333333,11.986,0.39940000000000003,-1.0,Chad,low_income
tgo,9.840266,15.411842000000002,4.219696000000001,2.6613333333333333,5.465,3.2383333333333333,0.576005,778.14155,3.0084,0.648258,42.75,32.25,,58.066599999999994,1.955,8.3,22.4,1.092,60.74444444444445,6.269796,66.22,15.542104,64.476022,0.0622,40.580971999999996,148.1906,18.285,21.35,64.49,9.272,0.5352,-2.0,Togo,low_income
tha,12.289684,20.868096,4.025714,0.7192000000000001,3.8662,0.712,0.072738,6074.42283,4.021800000000001,1.540246,36.08,28.139999999999997,43.065999999999995,67.9694,7.08,21.1,23.95,0.268,74.14444444444445,3.860718,289.55,71.660838,10.66845,0.548,50.91488,139.1528,36.736399999999996,24.06,42.085,5.476,0.794,-3.0,Thailand,upper_middle_income
tjk,2.726374,3.9336919999999997,1.573778,0.081,11.326,0.061,0.6837949999999999,1047.935962,3.5752,4.672804,34.0,26.4,40.29,41.8584,3.39,,25.4,0.434,69.69999999999999,6.937268,101.20666666666666,28.308932,66.27538799999999,1.8306,26.297555999999997,63.498000000000005,20.993000000000002,20.91,28.151666666666667,1.8960000000000001,0.6656000000000001,-3.0,Tajikistan,low_income
tkm,7.170536,10.534968000000001,3.941554,4.0,,4.9,,6227.800348,7.461799999999999,-1.193542,,,,47.9844,4.8149999999999995,7.5,26.1,0.446,66.22222222222223,5.506506,163.3,20.093691999999997,74.71072799999999,1.966,47.031612,13.85,24.683799999999998,23.37,19.355,3.814,0.7323999999999999,-8.0,Turkmenistan,upper_middle_income
tls,3.6321820000000002,4.84572,2.383702,4.1675,11.3965,3.7425,,1332.957246,6.5358,2.186578,28.25,23.45,30.74,66.8878,0.8,43.0,21.1,0.446,69.24444444444445,6.744454,107.08,58.49768,8.850615999999999,0.72925,29.334843999999997,84.22380000000001,19.2642,,63.52666666666667,3.306,0.6266,8.0,Timor-Leste,lower_middle_income
ton,4.703038,5.9708060000000005,3.4799099999999994,1.6510000000000002,4.8870000000000005,1.2695,,4452.395424,1.486,5.232468,33.5,26.8,34.86,54.37819999999999,3.8499999999999996,31.8,30.25,1.226,69.93333333333334,5.3312100000000004,252.61666666666667,55.551142000000006,5.08728,1.012,22.87456,162.52620000000002,20.809,25.5,21.338333333333335,1.146,0.7538,,Tonga,upper_middle_income
tto,13.167849999999998,21.838586,4.692606,3.0526666666666666,7.911666666666666,2.813,,18010.371906,1.2193999999999998,-0.6042299999999999,,,,61.696400000000004,6.220000000000001,,26.75,0.122,71.15555555555555,6.378774,1263.8333333333333,49.659864,43.406276000000005,3.47675,53.929885999999996,283.3094,33.8608,26.78,34.153333333333336,25.186,0.8056000000000001,9.0,Trinidad and Tobago,high_income
tun,2.6035820000000003,3.751558,1.47072,15.7316,35.682,12.6912,3.9012625,4074.85852,3.1604,5.79324,32.8,25.6,44.26,48.1986,1.17,23.0,25.55,0.578,76.6,6.121776,462.2166666666667,54.659688,39.487774,1.28,68.320014,74.9174,30.070999999999998,29.2,5.4975,2.182,0.736,7.0,Tunisia,lower_middle_income
tur,3.3645380000000005,5.290226,1.43192,11.3616,20.9268,10.0384,1.605894,11768.643122,2.3594,11.60715,42.9,33.22,45.791999999999994,52.459,2.9450000000000003,31.3,26.95,0.5780000000000001,75.27777777777777,4.2123800000000005,850.7333333333332,77.87066999999999,17.067624000000002,1.8084,88.03565,107.72380000000001,30.1846,23.05,37.79,1.94,0.8318,-2.25,Turkey,upper_middle_income
tza,4.132446,6.099729999999999,2.205074,2.17725,4.099428571428571,1.6992500000000001,0.96094,997.3248540000001,3.8436,4.604634,40.5,33.1,38.35,83.8404,7.305,13.1,22.1,1.754,59.98888888888889,4.00873,68.10166666666667,38.377424,22.324948,0.05,32.287772000000004,62.7928,16.6446,19.97,130.23333333333332,8.062000000000001,0.5302,3.0,Tanzania,low_income
uga,4.71392,7.661866000000001,1.8278320000000001,2.9955,5.27,2.9859999999999998,1.26404,884.938218,3.7159999999999997,4.412262,42.75,34.35,34.14,73.759,14.165,11.0,21.6,2.4419999999999997,57.599999999999994,4.363606,107.00833333333333,15.739189999999999,38.41184,0.1345,26.410422,201.2676,15.217600000000001,20.25,147.48333333333332,13.764,0.5578000000000001,-1.0,Uganda,low_income
ukr,22.477392000000002,40.214436,7.002433999999999,8.9966,19.668,10.115,1.361678,2235.011036,2.131133333333333,20.344378,25.839999999999996,21.759999999999998,39.0,56.3052,16.535,28.5,27.05,1.556,69.37777777777778,7.4778199999999995,450.6333333333334,46.85636,49.510516,3.2241,69.260164,78.3692,39.8436,22.82,29.074,6.276,0.7832000000000001,4.0,Ukraine,lower_middle_income
ury,21.524117999999998,34.72513,9.100658,8.078199999999999,24.9594,6.713800000000001,0.163744,17492.424582,3.1552,7.896584,39.74,29.68,42.09,64.20700000000001,8.565000000000001,24.4,27.35,0.508,76.17777777777778,8.75068,969.3666666666667,68.589386,16.313306,4.509,95.22191000000001,19.547,34.3668,23.3,60.92666666666667,7.536,0.8244,10.0,Uruguay,high_income
usa,14.95699,23.035953999999997,6.810703999999999,4.4138,9.6586,4.4748,0.599914,58430.749488,1.941,1.4384519999999998,41.58,30.72,38.084,62.537,9.57,26.3,29.0,0.39,78.33333333333333,16.660462000000003,7542.0,51.43727199999999,11.462038,3.015,80.376254,36.3016,36.673199999999994,25.3,38.61166666666667,6.258,0.9316000000000001,8.2,USA,high_income
uzb,11.424668,15.151133999999999,7.6424959999999995,6.894,,5.675,,3017.033316,4.5454,19.313522,,,,56.7186,3.575,19.6,25.9,0.674,68.9,4.948131999999999,147.26666666666668,42.925298,55.557496,2.3164000000000002,50.63384,74.843,25.818400000000004,20.58,13.645000000000001,2.138,0.719,-9.0,Uzbekistan,lower_middle_income
vct,0.693346,1.166608,0.19204,18.79,,,,7880.845412000001,3.0867999999999998,0.91258,,,,65.287,5.215,,26.25,0.148,71.83333333333333,4.189722,435.59999999999997,64.279566,31.411158,0.7965,46.939837999999995,270.80219999999997,31.7224,30.93,58.54,22.009999999999998,0.7768,,St. Vincent and the Grenadines,upper_middle_income
ven,7.861006000000001,13.949534,1.862452,5.182,11.898,4.8795,0.67572,2897.1037499999998,-0.9492799999999999,49821.115648,47.0,34.8,38.75,59.269600000000004,7.915,,26.6,0.354,74.84444444444445,2.301275,646.55,44.339225,35.51188,1.664,89.02863199999999,32.876999999999995,27.0526,22.75,89.60666666666667,53.068000000000005,0.7485999999999999,0.5,Venezuela,upper_middle_income
vnm,7.542316,10.716466,4.506772,1.6824000000000001,6.3476,1.8094000000000001,0.26966,2890.128858,4.7832,2.1031660000000003,35.5,27.3,40.864,77.13820000000001,3.84,24.9,21.85,1.156,75.56666666666666,4.914474,177.51666666666665,42.636408,43.15499,0.87275,33.431248,303.3808,29.857999999999997,,25.90833333333333,1.722,0.73,-7.0,Vietnam,lower_middle_income
vut,16.21535,25.159436,6.986654,5.444,12.273,4.273,0.37235,2927.545498,1.9692,3.704562,32.3,24.7,28.57,59.9058,0.9450000000000001,,25.4,0.394,63.82222222222222,3.44363,169.58333333333334,51.890086,8.88649,0.15666666666666668,24.453612,22.869999999999997,20.1712,22.61,53.72833333333333,0.5660000000000001,0.6086,,Vanuatu,lower_middle_income
wsm,13.060802,18.31149,7.669020000000001,9.4,19.653,6.307,0.5084,4327.611569999999,0.76796,1.822282,40.35,32.65,44.51,53.238,4.654999999999999,27.1,30.05,0.278,71.23333333333333,5.488076,236.23333333333335,74.03926,11.537552,0.4435,18.89301,72.6544,20.2828,23.95,28.59,5.2620000000000005,0.7101999999999999,,Samoa,upper_middle_income
yem,4.641658,5.757202,3.493996,15.423857142857143,29.092499999999998,11.924142857142856,0.72071,1185.72955,1.27728,20.0044725,35.7,29.0,41.75,32.4446,0.2,23.3,23.15,1.322,66.07777777777778,5.011156,131.65,8.206062,78.167812,0.2733333333333334,33.603114,62.714200000000005,17.854,21.67,77.52666666666667,3.372,0.4626,0.0,Yemen,low_income
zaf,19.561732,31.429506000000003,8.392864,26.8188,53.427800000000005,24.9706,8.221993999999999,6096.67216,1.6128,5.315568000000001,62.0,49.95,43.083999999999996,58.178200000000004,9.81,21.5,24.7,1.32,56.077777777777776,8.087648,852.75,57.231652,5.788864,0.7624000000000001,63.321144000000004,47.4796,26.0914,27.9,58.56833333333333,35.424,0.7288,9.0,South Africa,upper_middle_income
zmb,5.629132,9.269838,2.0675739999999996,6.7467500000000005,14.58175,5.33275,1.1570933333333333,1306.130622,3.143,9.070654000000001,55.8,43.4,40.48333333333333,58.8412,3.705,15.8,20.95,2.758,52.56666666666667,5.040760000000001,83.65666666666667,43.053388,10.515796,0.18366666666666664,42.726124,23.471600000000002,16.432,20.53,146.43333333333334,20.27,0.5706,6.25,Zambia,lower_middle_income
zwe,15.327762000000002,21.156736000000002,10.082956,7.373,11.856,7.756,1.53608,1403.6130600000001,3.1444,120.190326,47.3,37.65,39.05,66.02340000000001,5.02,13.6,21.9,0.9199999999999999,50.544444444444444,5.7954039999999996,,23.105058,15.634052,0.1698,34.787004,38.3184,16.9176,21.03,63.415,20.818,0.5763999999999999,4.0,Zimbabwe,lower_middle_income
